id,level,time,showInEditor,sceneObjID,desc,block1,block2,block3,block4,block5,block6,block7,block8,block9,block10,block11,block12,block13,block14,block15,block16,block17,block18,block19,block20,block21,block22,block23,block24,block25
11401,undefined,左,0,0,直路16长14宽,11402,,,,,,,,,,,,,,,,,,,,,,,,
11402,undefined,左,0,0,直路30长14宽,11403,,,,,,,,,,,,,,,,,,,,,,,,
11403,undefined,左,0,0,直路36长14宽,11404,,,,,,,,,,,,,,,,,,,,,,,,
11404,undefined,左,0,0,直路40长14宽,11405,,,,,,,,,,,,,,,,,,,,,,,,
11405,undefined,左,0,0,大坡14宽,11403,11406,29,11404,,,,,,,,,,,,,,,,,,,,,
11406,undefined,左,0,0,小坡14宽,11403,11408,29,11404,,,,,,,,,,,,,,,,,,,,,
11407,undefined,左,0,0,拱桥14宽,11403,11409,11403,,,,,,,,,,,,,,,,,,,,,,
11408,undefined,左,0,0,凹槽14宽,11403,11410,11403,,,,,,,,,,,,,,,,,,,,,,
11409,undefined,左,0,0,拱桥凹槽14宽,11403,11409,11410,11402,11403,,,,,,,,,,,,,,,,,,,,
11410,undefined,左,0,0,凹槽拱桥14宽,11403,11410,11409,11402,11403,,,,,,,,,,,,,,,,,,,,
11411,undefined,左,0,0,急转大坡14宽,11403,11401,11401,21401,11406,29,11404,,,,,,,,,,,,,,,,,,
11412,undefined,左,0,0,急转小坡14宽,11403,11401,11401,21401,11408,29,11404,,,,,,,,,,,,,,,,,,
11413,undefined,左,0,0,急转凹槽14宽,11403,11401,11401,21401,11409,11403,,,,,,,,,,,,,,,,,,,
11414,undefined,左,0,0,急转拱桥14宽,11403,11401,11401,21401,11410,11403,,,,,,,,,,,,,,,,,,,
11415,undefined,左,0,0,w急转大坡14宽,11401,21401,11406,29,11404,,,,,,,,,,,,,,,,,,,,
11416,undefined,左,0,0,w急转小坡14宽,11401,21401,11408,29,11404,,,,,,,,,,,,,,,,,,,,
11417,undefined,左,0,0,w急转凹槽14宽,11401,21401,11409,11403,,,,,,,,,,,,,,,,,,,,,
11418,undefined,左,0,0,w急转拱桥14宽,11401,21401,11410,11403,,,,,,,,,,,,,,,,,,,,,
11419,undefined,左,0,0,弯坡14宽,11403,11407,29,11403,,,,,,,,,,,,,,,,,,,,,
11420,undefined,左,0,0,急转弯坡14宽,11403,11401,11401,21401,11407,29,11403,,,,,,,,,,,,,,,,,,
11421,undefined,左,0,0,w急转弯坡14宽,11401,21401,11407,29,11403,,,,,,,,,,,,,,,,,,,,
21401,undefined,右,0,0,直路16长14宽,21402,,,,,,,,,,,,,,,,,,,,,,,,
21402,undefined,右,0,0,直路30长14宽,21403,,,,,,,,,,,,,,,,,,,,,,,,
21403,undefined,右,0,0,直路36长14宽,21404,,,,,,,,,,,,,,,,,,,,,,,,
21404,undefined,右,0,0,直路40长14宽,21405,,,,,,,,,,,,,,,,,,,,,,,,
21405,undefined,右,0,0,大坡14宽,21403,21406,30,21404,,,,,,,,,,,,,,,,,,,,,
21406,undefined,右,0,0,小坡14宽,21403,21408,30,21404,,,,,,,,,,,,,,,,,,,,,
21407,undefined,右,0,0,拱桥14宽,21403,21409,21403,,,,,,,,,,,,,,,,,,,,,,
21408,undefined,右,0,0,凹槽14宽,21403,21410,21403,,,,,,,,,,,,,,,,,,,,,,
21409,undefined,右,0,0,拱桥凹槽14宽,21403,21409,21410,21402,21403,,,,,,,,,,,,,,,,,,,,
21410,undefined,右,0,0,凹槽拱桥14宽,21403,21410,21409,21402,21403,,,,,,,,,,,,,,,,,,,,
21411,undefined,右,0,0,急转大坡14宽,21403,21401,11401,21406,30,21404,,,,,,,,,,,,,,,,,,,
21412,undefined,右,0,0,急转小坡14宽,21403,21401,11401,21408,30,21404,,,,,,,,,,,,,,,,,,,
21413,undefined,右,0,0,急转凹槽14宽,21403,21401,11401,21409,21403,,,,,,,,,,,,,,,,,,,,
21414,undefined,右,0,0,急转拱桥14宽,21403,21401,11401,21410,21403,,,,,,,,,,,,,,,,,,,,
21415,undefined,右,0,0,w急转大坡14宽,21401,11401,21401,21406,30,21403,,,,,,,,,,,,,,,,,,,
21416,undefined,右,0,0,w急转小坡14宽,21401,11401,21401,21408,30,21403,,,,,,,,,,,,,,,,,,,
21417,undefined,右,0,0,w急转凹槽14宽,21401,11401,21401,21409,21403,,,,,,,,,,,,,,,,,,,,
21418,undefined,右,0,0,w急转拱桥14宽,21401,11401,21401,21410,21403,,,,,,,,,,,,,,,,,,,,
21419,undefined,右,0,0,弯坡14宽,21403,21407,30,21403,,,,,,,,,,,,,,,,,,,,,
21420,undefined,右,0,0,急转弯坡14宽,21403,21401,11401,21407,30,21403,,,,,,,,,,,,,,,,,,,
21421,undefined,右,0,0,w急转弯坡14宽,21401,11401,21401,21407,30,21403,,,,,,,,,,,,,,,,,,,
11201,undefined,左,0,0,直路16长12宽,11202,,,,,,,,,,,,,,,,,,,,,,,,
11202,undefined,左,0,0,直路30长12宽,11203,,,,,,,,,,,,,,,,,,,,,,,,
11203,undefined,左,0,0,直路36长12宽,11204,,,,,,,,,,,,,,,,,,,,,,,,
11204,undefined,左,0,0,直路40长12宽,11205,,,,,,,,,,,,,,,,,,,,,,,,
11205,undefined,左,0,0,大坡12宽,11203,11206,29,11204,,,,,,,,,,,,,,,,,,,,,
11206,undefined,左,0,0,小坡12宽,11203,11208,29,11204,,,,,,,,,,,,,,,,,,,,,
11207,undefined,左,0,0,拱桥12宽,11203,11209,11203,,,,,,,,,,,,,,,,,,,,,,
11208,undefined,左,0,0,凹槽12宽,11203,11210,11203,,,,,,,,,,,,,,,,,,,,,,
11209,undefined,左,0,0,拱桥凹槽12宽,11203,11209,11210,11202,11203,,,,,,,,,,,,,,,,,,,,
11210,undefined,左,0,0,凹槽拱桥12宽,11203,11210,11209,11202,11203,,,,,,,,,,,,,,,,,,,,
11211,undefined,左,0,0,急转大坡12宽,11203,11201,11201,21201,11206,29,11204,,,,,,,,,,,,,,,,,,
11212,undefined,左,0,0,急转小坡12宽,11203,11201,11201,21201,11208,29,11204,,,,,,,,,,,,,,,,,,
11213,undefined,左,0,0,急转凹槽12宽,11203,11201,11201,21201,11209,11203,,,,,,,,,,,,,,,,,,,
11214,undefined,左,0,0,急转拱桥12宽,11203,11201,11201,21201,11210,11203,,,,,,,,,,,,,,,,,,,
11215,undefined,左,0,0,w急转大坡12宽,11201,21201,11206,29,11204,,,,,,,,,,,,,,,,,,,,
11216,undefined,左,0,0,w急转小坡12宽,11201,21201,11208,29,11204,,,,,,,,,,,,,,,,,,,,
11217,undefined,左,0,0,w急转凹槽12宽,11201,21201,11209,11203,,,,,,,,,,,,,,,,,,,,,
11218,undefined,左,0,0,w急转拱桥12宽,11201,21201,11210,11203,,,,,,,,,,,,,,,,,,,,,
11219,undefined,左,0,0,弯坡12宽,11203,11207,29,11203,,,,,,,,,,,,,,,,,,,,,
11220,undefined,左,0,0,急转弯坡12宽,11203,11201,11201,21201,11207,29,11203,,,,,,,,,,,,,,,,,,
11221,undefined,左,0,0,w急转弯坡12宽,11201,21201,11207,29,11203,,,,,,,,,,,,,,,,,,,,
21201,undefined,左,0,0,直路16长12宽,21202,,,,,,,,,,,,,,,,,,,,,,,,
21202,undefined,右,0,0,直路30长12宽,21203,,,,,,,,,,,,,,,,,,,,,,,,
21203,undefined,右,0,0,直路36长12宽,21204,,,,,,,,,,,,,,,,,,,,,,,,
21204,undefined,右,0,0,直路40长12宽,21205,,,,,,,,,,,,,,,,,,,,,,,,
21205,undefined,右,0,0,大坡12宽,21203,21206,30,21204,,,,,,,,,,,,,,,,,,,,,
21206,undefined,右,0,0,小坡12宽,21203,21208,30,21204,,,,,,,,,,,,,,,,,,,,,
21207,undefined,右,0,0,拱桥12宽,21203,21209,21203,,,,,,,,,,,,,,,,,,,,,,
21208,undefined,右,0,0,凹槽12宽,21203,21210,21203,,,,,,,,,,,,,,,,,,,,,,
21209,undefined,右,0,0,拱桥凹槽12宽,21203,21209,21210,21202,21203,,,,,,,,,,,,,,,,,,,,
21210,undefined,右,0,0,凹槽拱桥12宽,21203,21210,21209,21202,21203,,,,,,,,,,,,,,,,,,,,
21211,undefined,右,0,0,急转大坡12宽,21203,21201,11201,21206,30,21204,,,,,,,,,,,,,,,,,,,
21212,undefined,右,0,0,急转小坡12宽,21203,21201,11201,21208,30,21204,,,,,,,,,,,,,,,,,,,
21213,undefined,右,0,0,急转凹槽12宽,21203,21201,11201,21209,21203,,,,,,,,,,,,,,,,,,,,
21214,undefined,右,0,0,急转拱桥12宽,21203,21201,11201,21210,21203,,,,,,,,,,,,,,,,,,,,
21215,undefined,右,0,0,w急转大坡12宽,21201,11201,21201,21206,30,21203,,,,,,,,,,,,,,,,,,,
21216,undefined,右,0,0,w急转小坡12宽,21201,11201,21201,21208,30,21203,,,,,,,,,,,,,,,,,,,
21217,undefined,右,0,0,w急转凹槽12宽,21201,11201,21201,21209,21203,,,,,,,,,,,,,,,,,,,,
21218,undefined,右,0,0,w急转拱桥12宽,21201,11201,21201,21210,21203,,,,,,,,,,,,,,,,,,,,
21219,undefined,右,0,0,弯坡12宽,21203,21207,30,21203,,,,,,,,,,,,,,,,,,,,,
21220,undefined,右,0,0,急转弯坡12宽,21203,21201,11201,21207,30,21203,,,,,,,,,,,,,,,,,,,
21221,undefined,右,0,0,w急转弯坡12宽,21201,11201,21201,21207,30,21203,,,,,,,,,,,,,,,,,,,
11001,undefined,左,0,0,直路16长10宽,11002,,,,,,,,,,,,,,,,,,,,,,,,
11002,undefined,左,0,0,直路30长10宽,11003,,,,,,,,,,,,,,,,,,,,,,,,
11003,undefined,左,0,0,直路36长10宽,11004,,,,,,,,,,,,,,,,,,,,,,,,
11004,undefined,左,0,0,直路40长10宽,11005,,,,,,,,,,,,,,,,,,,,,,,,
11005,undefined,左,0,0,大坡10宽,11003,11006,29,11004,,,,,,,,,,,,,,,,,,,,,
11006,undefined,左,0,0,小坡10宽,11003,11008,29,11004,,,,,,,,,,,,,,,,,,,,,
11007,undefined,左,0,0,拱桥10宽,11003,11009,11003,,,,,,,,,,,,,,,,,,,,,,
11008,undefined,左,0,0,凹槽10宽,11003,11010,11003,,,,,,,,,,,,,,,,,,,,,,
11009,undefined,左,0,0,拱桥凹槽10宽,11003,11009,11010,11002,11003,,,,,,,,,,,,,,,,,,,,
11010,undefined,左,0,0,凹槽拱桥10宽,11003,11010,11009,11002,11003,,,,,,,,,,,,,,,,,,,,
11011,undefined,左,0,0,急转大坡10宽,11003,11001,11001,21001,11006,29,11004,,,,,,,,,,,,,,,,,,
11012,undefined,左,0,0,急转小坡10宽,11003,11001,11001,21001,11008,29,11004,,,,,,,,,,,,,,,,,,
11013,undefined,左,0,0,急转凹槽10宽,11003,11001,11001,21001,11009,11003,,,,,,,,,,,,,,,,,,,
11014,undefined,左,0,0,急转拱桥10宽,11003,11001,11001,21001,11010,11003,,,,,,,,,,,,,,,,,,,
11015,undefined,左,0,0,w急转大坡10宽,11001,21001,11006,29,11004,,,,,,,,,,,,,,,,,,,,
11016,undefined,左,0,0,w急转小坡10宽,11001,21001,11008,29,11004,,,,,,,,,,,,,,,,,,,,
11017,undefined,左,0,0,w急转凹槽10宽,11001,21001,11009,11003,,,,,,,,,,,,,,,,,,,,,
11018,undefined,左,0,0,w急转拱桥10宽,11001,21001,11010,11003,,,,,,,,,,,,,,,,,,,,,
11019,undefined,左,0,0,弯坡10宽,11003,11007,29,11003,,,,,,,,,,,,,,,,,,,,,
11020,undefined,左,0,0,急转弯坡10宽,11003,11001,11001,21001,11007,29,11003,,,,,,,,,,,,,,,,,,
11021,undefined,左,0,0,w急转弯坡10宽,11001,21001,11007,29,11003,,,,,,,,,,,,,,,,,,,,
21001,undefined,左,0,0,直路16长10宽,21002,,,,,,,,,,,,,,,,,,,,,,,,
21002,undefined,右,0,0,直路30长10宽,21003,,,,,,,,,,,,,,,,,,,,,,,,
21003,undefined,右,0,0,直路36长10宽,21004,,,,,,,,,,,,,,,,,,,,,,,,
21004,undefined,右,0,0,直路40长10宽,21005,,,,,,,,,,,,,,,,,,,,,,,,
21005,undefined,右,0,0,大坡10宽,21003,21006,30,21004,,,,,,,,,,,,,,,,,,,,,
21006,undefined,右,0,0,小坡10宽,21003,21008,30,21004,,,,,,,,,,,,,,,,,,,,,
21007,undefined,右,0,0,拱桥10宽,21003,21009,21003,,,,,,,,,,,,,,,,,,,,,,
21008,undefined,右,0,0,凹槽10宽,21003,21010,21003,,,,,,,,,,,,,,,,,,,,,,
21009,undefined,右,0,0,拱桥凹槽10宽,21003,21009,21010,21002,21003,,,,,,,,,,,,,,,,,,,,
21010,undefined,右,0,0,凹槽拱桥10宽,21003,21010,21009,21002,21003,,,,,,,,,,,,,,,,,,,,
21011,undefined,右,0,0,急转大坡10宽,21003,21001,11001,21006,30,21004,,,,,,,,,,,,,,,,,,,
21012,undefined,右,0,0,急转小坡10宽,21003,21001,11001,21008,30,21004,,,,,,,,,,,,,,,,,,,
21013,undefined,右,0,0,急转凹槽10宽,21003,21001,11001,21009,21003,,,,,,,,,,,,,,,,,,,,
21014,undefined,右,0,0,急转拱桥10宽,21003,21001,11001,21010,21003,,,,,,,,,,,,,,,,,,,,
21015,undefined,右,0,0,w急转大坡10宽,21001,11001,21001,21006,30,21003,,,,,,,,,,,,,,,,,,,
21016,undefined,右,0,0,w急转小坡10宽,21001,11001,21001,21008,30,21003,,,,,,,,,,,,,,,,,,,
21017,undefined,右,0,0,w急转凹槽10宽,21001,11001,21001,21009,21003,,,,,,,,,,,,,,,,,,,,
21018,undefined,右,0,0,w急转拱桥10宽,21001,11001,21001,21010,21003,,,,,,,,,,,,,,,,,,,,
21019,undefined,右,0,0,弯坡10宽,21003,21007,30,21003,,,,,,,,,,,,,,,,,,,,,
21020,undefined,右,0,0,急转弯坡10宽,21003,21001,11001,21007,30,21003,,,,,,,,,,,,,,,,,,,
21021,undefined,右,0,0,w急转弯坡10宽,21001,11001,21001,21007,30,21003,,,,,,,,,,,,,,,,,,,
10901,undefined,左,0,0,直路16长9宽,10902,,,,,,,,,,,,,,,,,,,,,,,,
10902,undefined,左,0,0,直路30长9宽,10903,,,,,,,,,,,,,,,,,,,,,,,,
10903,undefined,左,0,0,直路36长9宽,10904,,,,,,,,,,,,,,,,,,,,,,,,
10904,undefined,左,0,0,直路40长9宽,10905,,,,,,,,,,,,,,,,,,,,,,,,
10905,undefined,左,0,0,大坡9宽,10903,10906,29,10904,,,,,,,,,,,,,,,,,,,,,
10906,undefined,左,0,0,小坡9宽,10903,10908,29,10904,,,,,,,,,,,,,,,,,,,,,
10907,undefined,左,0,0,拱桥9宽,10903,10909,10903,,,,,,,,,,,,,,,,,,,,,,
10908,undefined,左,0,0,凹槽9宽,10903,10910,10903,,,,,,,,,,,,,,,,,,,,,,
10909,undefined,左,0,0,拱桥凹槽9宽,10903,10909,10910,10902,10903,,,,,,,,,,,,,,,,,,,,
10910,undefined,左,0,0,凹槽拱桥9宽,10903,10910,10909,10902,10903,,,,,,,,,,,,,,,,,,,,
10911,undefined,左,0,0,急转大坡9宽,10903,10901,10901,20901,10906,29,10904,,,,,,,,,,,,,,,,,,
10912,undefined,左,0,0,急转小坡9宽,10903,10901,10901,20901,10908,29,10904,,,,,,,,,,,,,,,,,,
10913,undefined,左,0,0,急转凹槽9宽,10903,10901,10901,20901,10909,10903,,,,,,,,,,,,,,,,,,,
10914,undefined,左,0,0,急转拱桥9宽,10903,10901,10901,20901,10910,10903,,,,,,,,,,,,,,,,,,,
10915,undefined,左,0,0,w急转大坡9宽,10901,20901,10906,29,10904,,,,,,,,,,,,,,,,,,,,
10916,undefined,左,0,0,w急转小坡9宽,10901,20901,10908,29,10904,,,,,,,,,,,,,,,,,,,,
10917,undefined,左,0,0,w急转凹槽9宽,10901,20901,10909,10903,,,,,,,,,,,,,,,,,,,,,
10918,undefined,左,0,0,w急转拱桥9宽,10901,20901,10910,10903,,,,,,,,,,,,,,,,,,,,,
10919,undefined,左,0,0,弯坡9宽,10903,10907,29,10903,,,,,,,,,,,,,,,,,,,,,
10920,undefined,左,0,0,急转弯坡9宽,10903,10901,10901,20901,10907,29,10903,,,,,,,,,,,,,,,,,,
10921,undefined,左,0,0,w急转弯坡9宽,10901,20901,10907,29,10903,,,,,,,,,,,,,,,,,,,,
20901,undefined,右,0,0,直路16长9宽,20902,,,,,,,,,,,,,,,,,,,,,,,,
20902,undefined,右,0,0,直路30长9宽,20903,,,,,,,,,,,,,,,,,,,,,,,,
20903,undefined,右,0,0,直路36长9宽,20904,,,,,,,,,,,,,,,,,,,,,,,,
20904,undefined,右,0,0,直路40长9宽,20905,,,,,,,,,,,,,,,,,,,,,,,,
20905,undefined,右,0,0,大坡9宽,20903,20906,30,20904,,,,,,,,,,,,,,,,,,,,,
20906,undefined,右,0,0,小坡9宽,20903,20908,30,20904,,,,,,,,,,,,,,,,,,,,,
20907,undefined,右,0,0,拱桥9宽,20903,20909,20903,,,,,,,,,,,,,,,,,,,,,,
20908,undefined,右,0,0,凹槽9宽,20903,20910,20903,,,,,,,,,,,,,,,,,,,,,,
20909,undefined,右,0,0,拱桥凹槽9宽,20903,20909,20910,20902,20903,,,,,,,,,,,,,,,,,,,,
20910,undefined,右,0,0,凹槽拱桥9宽,20903,20910,20909,20902,20903,,,,,,,,,,,,,,,,,,,,
20911,undefined,右,0,0,急转大坡9宽,20903,20901,10901,20906,30,20904,,,,,,,,,,,,,,,,,,,
20912,undefined,右,0,0,急转小坡9宽,20903,20901,10901,20908,30,20904,,,,,,,,,,,,,,,,,,,
20913,undefined,右,0,0,急转凹槽9宽,20903,20901,10901,20909,20903,,,,,,,,,,,,,,,,,,,,
20914,undefined,右,0,0,急转拱桥9宽,20903,20901,10901,20910,20903,,,,,,,,,,,,,,,,,,,,
20915,undefined,右,0,0,w急转大坡9宽,20901,10901,20901,20906,30,20903,,,,,,,,,,,,,,,,,,,
20916,undefined,右,0,0,w急转小坡9宽,20901,10901,20901,20908,30,20903,,,,,,,,,,,,,,,,,,,
20917,undefined,右,0,0,w急转凹槽9宽,20901,10901,20901,20909,20903,,,,,,,,,,,,,,,,,,,,
20918,undefined,右,0,0,w急转拱桥9宽,20901,10901,20901,20910,20903,,,,,,,,,,,,,,,,,,,,
20919,undefined,右,0,0,弯坡9宽,20903,20907,30,20903,,,,,,,,,,,,,,,,,,,,,
20920,undefined,右,0,0,急转弯坡9宽,20903,20901,10901,20907,30,20903,,,,,,,,,,,,,,,,,,,
20921,undefined,右,0,0,w急转弯坡9宽,20901,10901,20901,20907,30,20903,,,,,,,,,,,,,,,,,,,
10801,undefined,左,1,0,直路16长8宽,10802,,,,,,,,,,,,,,,,,,,,,,,,
10802,undefined,左,1,0,直路30长8宽,10803,,,,,,,,,,,,,,,,,,,,,,,,
10803,undefined,左,1,0,直路36长8宽,10804,,,,,,,,,,,,,,,,,,,,,,,,
10804,undefined,左,1,0,直路40长8宽,10805,,,,,,,,,,,,,,,,,,,,,,,,
10805,undefined,左,1,0,大坡8宽,10803,10806,29,10804,,,,,,,,,,,,,,,,,,,,,
10806,undefined,左,1,0,小坡8宽,10803,10808,29,10804,,,,,,,,,,,,,,,,,,,,,
10807,undefined,左,1,0,拱桥8宽,10803,10809,10803,,,,,,,,,,,,,,,,,,,,,,
10808,undefined,左,1,0,凹槽8宽,10803,10810,10803,,,,,,,,,,,,,,,,,,,,,,
10809,undefined,左,1,0,拱桥凹槽8宽,10803,10809,10810,10802,10803,,,,,,,,,,,,,,,,,,,,
10810,undefined,左,1,0,凹槽拱桥8宽,10803,10810,10809,10802,10803,,,,,,,,,,,,,,,,,,,,
10811,undefined,左,1,0,急转大坡8宽,10803,10801,10801,20801,10806,29,10804,,,,,,,,,,,,,,,,,,
10812,undefined,左,1,0,急转小坡8宽,10803,10801,10801,20801,10808,29,10804,,,,,,,,,,,,,,,,,,
10813,undefined,左,1,0,急转凹槽8宽,10803,10801,10801,20801,10809,10803,,,,,,,,,,,,,,,,,,,
10814,undefined,左,1,0,急转拱桥8宽,10803,10801,10801,20801,10810,10803,,,,,,,,,,,,,,,,,,,
10815,undefined,左,1,0,w急转大坡8宽,10801,20801,10806,29,10804,,,,,,,,,,,,,,,,,,,,
10816,undefined,左,1,0,w急转小坡8宽,10801,20801,10808,29,10804,,,,,,,,,,,,,,,,,,,,
10817,undefined,左,1,0,w急转凹槽8宽,10801,20801,10809,10803,,,,,,,,,,,,,,,,,,,,,
10818,undefined,左,1,0,w急转拱桥8宽,10801,20801,10810,10803,,,,,,,,,,,,,,,,,,,,,
10819,undefined,左,1,0,弯坡8宽,10803,10807,29,10803,,,,,,,,,,,,,,,,,,,,,
10820,undefined,左,1,0,急转弯坡8宽,10803,10801,10801,20801,10807,29,10803,,,,,,,,,,,,,,,,,,
10821,undefined,左,1,0,w急转弯坡8宽,10801,20801,10807,29,10803,,,,,,,,,,,,,,,,,,,,
20801,undefined,右,1,0,直路16长8宽,20802,,,,,,,,,,,,,,,,,,,,,,,,
20802,undefined,右,1,0,直路30长8宽,20803,,,,,,,,,,,,,,,,,,,,,,,,
20803,undefined,右,1,0,直路36长8宽,20804,,,,,,,,,,,,,,,,,,,,,,,,
20804,undefined,右,1,0,直路40长8宽,20805,,,,,,,,,,,,,,,,,,,,,,,,
20805,undefined,右,1,0,大坡8宽,20803,20806,30,20804,,,,,,,,,,,,,,,,,,,,,
20806,undefined,右,1,0,小坡8宽,20803,20808,30,20804,,,,,,,,,,,,,,,,,,,,,
20807,undefined,右,1,0,拱桥8宽,20803,20809,20803,,,,,,,,,,,,,,,,,,,,,,
20808,undefined,右,1,0,凹槽8宽,20803,20810,20803,,,,,,,,,,,,,,,,,,,,,,
20809,undefined,右,1,0,拱桥凹槽8宽,20803,20809,20810,20802,20803,,,,,,,,,,,,,,,,,,,,
20810,undefined,右,1,0,凹槽拱桥8宽,20803,20810,20809,20802,20803,,,,,,,,,,,,,,,,,,,,
20811,undefined,右,1,0,急转大坡8宽,20803,20801,10801,20806,30,20804,,,,,,,,,,,,,,,,,,,
20812,undefined,右,1,0,急转小坡8宽,20803,20801,10801,20808,30,20804,,,,,,,,,,,,,,,,,,,
20813,undefined,右,1,0,急转凹槽8宽,20803,20801,10801,20809,20803,,,,,,,,,,,,,,,,,,,,
20814,undefined,右,1,0,急转拱桥8宽,20803,20801,10801,20810,20803,,,,,,,,,,,,,,,,,,,,
20815,undefined,右,1,0,w急转大坡8宽,20801,10801,20801,20806,30,20803,,,,,,,,,,,,,,,,,,,
20816,undefined,右,1,0,w急转小坡8宽,20801,10801,20801,20808,30,20803,,,,,,,,,,,,,,,,,,,
20817,undefined,右,1,0,w急转凹槽8宽,20801,10801,20801,20809,20803,,,,,,,,,,,,,,,,,,,,
20818,undefined,右,1,0,w急转拱桥8宽,20801,10801,20801,20810,20803,,,,,,,,,,,,,,,,,,,,
20819,undefined,右,1,0,弯坡8宽,20803,20807,30,20803,,,,,,,,,,,,,,,,,,,,,
20820,undefined,右,1,0,急转弯坡8宽,20803,20801,10801,20807,30,20803,,,,,,,,,,,,,,,,,,,
20821,undefined,右,1,0,w急转弯坡8宽,20801,10801,20801,20807,30,20803,,,,,,,,,,,,,,,,,,,
10701,undefined,左,0,0,直路16长7宽,10702,,,,,,,,,,,,,,,,,,,,,,,,
10702,undefined,左,0,0,直路30长7宽,10703,,,,,,,,,,,,,,,,,,,,,,,,
10703,undefined,左,0,0,直路36长7宽,10704,,,,,,,,,,,,,,,,,,,,,,,,
10704,undefined,左,0,0,直路40长7宽,10705,,,,,,,,,,,,,,,,,,,,,,,,
10705,undefined,左,0,0,大坡7宽,10703,10706,29,10704,,,,,,,,,,,,,,,,,,,,,
10706,undefined,左,0,0,小坡7宽,10703,10708,29,10704,,,,,,,,,,,,,,,,,,,,,
10707,undefined,左,0,0,拱桥7宽,10703,10709,10703,,,,,,,,,,,,,,,,,,,,,,
10708,undefined,左,0,0,凹槽7宽,10703,10710,10703,,,,,,,,,,,,,,,,,,,,,,
10709,undefined,左,0,0,拱桥凹槽7宽,10703,10709,10710,10702,10703,,,,,,,,,,,,,,,,,,,,
10710,undefined,左,0,0,凹槽拱桥7宽,10703,10710,10709,10702,10703,,,,,,,,,,,,,,,,,,,,
10711,undefined,左,0,0,急转大坡7宽,10703,10701,10701,20701,10706,29,10704,,,,,,,,,,,,,,,,,,
10712,undefined,左,0,0,急转小坡7宽,10703,10701,10701,20701,10708,29,10704,,,,,,,,,,,,,,,,,,
10713,undefined,左,0,0,急转凹槽7宽,10703,10701,10701,20701,10709,10703,,,,,,,,,,,,,,,,,,,
10714,undefined,左,0,0,急转拱桥7宽,10703,10701,10701,20701,10710,10703,,,,,,,,,,,,,,,,,,,
10715,undefined,左,0,0,w急转大坡7宽,10701,20701,10706,29,10704,,,,,,,,,,,,,,,,,,,,
10716,undefined,左,0,0,w急转小坡7宽,10701,20701,10708,29,10704,,,,,,,,,,,,,,,,,,,,
10717,undefined,左,0,0,w急转凹槽7宽,10701,20701,10709,10703,,,,,,,,,,,,,,,,,,,,,
10718,undefined,左,0,0,w急转拱桥7宽,10701,20701,10710,10703,,,,,,,,,,,,,,,,,,,,,
10719,undefined,左,0,0,弯坡7宽,10703,10707,29,10703,,,,,,,,,,,,,,,,,,,,,
10720,undefined,左,0,0,急转弯坡7宽,10703,10701,10701,20701,10707,29,10703,,,,,,,,,,,,,,,,,,
10721,undefined,左,0,0,w急转弯坡7宽,10701,20701,10707,29,10703,,,,,,,,,,,,,,,,,,,,
20701,undefined,右,0,0,直路16长7宽,20702,,,,,,,,,,,,,,,,,,,,,,,,
20702,undefined,右,0,0,直路30长7宽,20703,,,,,,,,,,,,,,,,,,,,,,,,
20703,undefined,右,0,0,直路36长7宽,20704,,,,,,,,,,,,,,,,,,,,,,,,
20704,undefined,右,0,0,直路40长7宽,20705,,,,,,,,,,,,,,,,,,,,,,,,
20705,undefined,右,0,0,大坡7宽,20703,20706,30,20704,,,,,,,,,,,,,,,,,,,,,
20706,undefined,右,0,0,小坡7宽,20703,20708,30,20704,,,,,,,,,,,,,,,,,,,,,
20707,undefined,右,0,0,拱桥7宽,20703,20709,20703,,,,,,,,,,,,,,,,,,,,,,
20708,undefined,右,0,0,凹槽7宽,20703,20710,20703,,,,,,,,,,,,,,,,,,,,,,
20709,undefined,右,0,0,拱桥凹槽7宽,20703,20709,20710,20702,20703,,,,,,,,,,,,,,,,,,,,
20710,undefined,右,0,0,凹槽拱桥7宽,20703,20710,20709,20702,20703,,,,,,,,,,,,,,,,,,,,
20711,undefined,右,0,0,急转大坡7宽,20703,20701,10701,20706,30,20704,,,,,,,,,,,,,,,,,,,
20712,undefined,右,0,0,急转小坡7宽,20703,20701,10701,20708,30,20704,,,,,,,,,,,,,,,,,,,
20713,undefined,右,0,0,急转凹槽7宽,20703,20701,10701,20709,20703,,,,,,,,,,,,,,,,,,,,
20714,undefined,右,0,0,急转拱桥7宽,20703,20701,10701,20710,20703,,,,,,,,,,,,,,,,,,,,
20715,undefined,右,0,0,w急转大坡7宽,20701,10701,20701,20706,30,20703,,,,,,,,,,,,,,,,,,,
20716,undefined,右,0,0,w急转小坡7宽,20701,10701,20701,20708,30,20703,,,,,,,,,,,,,,,,,,,
20717,undefined,右,0,0,w急转凹槽7宽,20701,10701,20701,20709,20703,,,,,,,,,,,,,,,,,,,,
20718,undefined,右,0,0,w急转拱桥7宽,20701,10701,20701,20710,20703,,,,,,,,,,,,,,,,,,,,
20719,undefined,右,0,0,弯坡7宽,20703,20707,30,20703,,,,,,,,,,,,,,,,,,,,,
20720,undefined,右,0,0,急转弯坡7宽,20703,20701,10701,20707,30,20703,,,,,,,,,,,,,,,,,,,
20721,undefined,右,0,0,w急转弯坡7宽,20701,10701,20701,20707,30,20703,,,,,,,,,,,,,,,,,,,
10601,undefined,左,0,0,直路16长6宽,10602,,,,,,,,,,,,,,,,,,,,,,,,
10602,undefined,左,0,0,直路30长6宽,10603,,,,,,,,,,,,,,,,,,,,,,,,
10603,undefined,左,0,0,直路36长6宽,10604,,,,,,,,,,,,,,,,,,,,,,,,
10604,undefined,左,0,0,直路40长6宽,10605,,,,,,,,,,,,,,,,,,,,,,,,
10605,undefined,左,0,0,大坡6宽,10603,10606,29,10604,,,,,,,,,,,,,,,,,,,,,
10606,undefined,左,0,0,小坡6宽,10603,10608,29,10604,,,,,,,,,,,,,,,,,,,,,
10607,undefined,左,0,0,拱桥6宽,10603,10609,10603,,,,,,,,,,,,,,,,,,,,,,
10608,undefined,左,0,0,凹槽6宽,10603,10610,10603,,,,,,,,,,,,,,,,,,,,,,
10609,undefined,左,0,0,拱桥凹槽6宽,10603,10609,10610,10602,10603,,,,,,,,,,,,,,,,,,,,
10610,undefined,左,0,0,凹槽拱桥6宽,10603,10610,10609,10602,10603,,,,,,,,,,,,,,,,,,,,
10611,undefined,左,0,0,急转大坡6宽,10603,10601,10601,20601,10606,29,10604,,,,,,,,,,,,,,,,,,
10612,undefined,左,0,0,急转小坡6宽,10603,10601,10601,20601,10608,29,10604,,,,,,,,,,,,,,,,,,
10613,undefined,左,0,0,急转凹槽6宽,10603,10601,10601,20601,10609,10603,,,,,,,,,,,,,,,,,,,
10614,undefined,左,0,0,急转拱桥6宽,10603,10601,10601,20601,10610,10603,,,,,,,,,,,,,,,,,,,
10615,undefined,左,0,0,w急转大坡6宽,10601,20601,10606,29,10604,,,,,,,,,,,,,,,,,,,,
10616,undefined,左,0,0,w急转小坡6宽,10601,20601,10608,29,10604,,,,,,,,,,,,,,,,,,,,
10617,undefined,左,0,0,w急转凹槽6宽,10601,20601,10609,10603,,,,,,,,,,,,,,,,,,,,,
10618,undefined,左,0,0,w急转拱桥6宽,10601,20601,10610,10603,,,,,,,,,,,,,,,,,,,,,
10619,undefined,左,0,0,弯坡6宽,10603,10607,29,10603,,,,,,,,,,,,,,,,,,,,,
10620,undefined,左,0,0,急转弯坡6宽,10603,10601,10601,20601,10607,29,10603,,,,,,,,,,,,,,,,,,
10621,undefined,左,0,0,w急转弯坡6宽,10601,20601,10607,29,10603,,,,,,,,,,,,,,,,,,,,
20601,undefined,右,0,0,直路16长6宽,20602,,,,,,,,,,,,,,,,,,,,,,,,
20602,undefined,右,0,0,直路30长6宽,20603,,,,,,,,,,,,,,,,,,,,,,,,
20603,undefined,右,0,0,直路36长6宽,20604,,,,,,,,,,,,,,,,,,,,,,,,
20604,undefined,右,0,0,直路40长6宽,20605,,,,,,,,,,,,,,,,,,,,,,,,
20605,undefined,右,0,0,大坡6宽,20603,20606,30,20604,,,,,,,,,,,,,,,,,,,,,
20606,undefined,右,0,0,小坡6宽,20603,20608,30,20604,,,,,,,,,,,,,,,,,,,,,
20607,undefined,右,0,0,拱桥6宽,20603,20609,20603,,,,,,,,,,,,,,,,,,,,,,
20608,undefined,右,0,0,凹槽6宽,20603,20610,20603,,,,,,,,,,,,,,,,,,,,,,
20609,undefined,右,0,0,拱桥凹槽6宽,20603,20609,20610,20602,20603,,,,,,,,,,,,,,,,,,,,
20610,undefined,右,0,0,凹槽拱桥6宽,20603,20610,20609,20602,20603,,,,,,,,,,,,,,,,,,,,
20611,undefined,右,0,0,急转大坡6宽,20603,20601,10601,20606,30,20604,,,,,,,,,,,,,,,,,,,
20612,undefined,右,0,0,急转小坡6宽,20603,20601,10601,20608,30,20604,,,,,,,,,,,,,,,,,,,
20613,undefined,右,0,0,急转凹槽6宽,20603,20601,10601,20609,20603,,,,,,,,,,,,,,,,,,,,
20614,undefined,右,0,0,急转拱桥6宽,20603,20601,10601,20610,20603,,,,,,,,,,,,,,,,,,,,
20615,undefined,右,0,0,w急转大坡6宽,20601,10601,20601,20606,30,20603,,,,,,,,,,,,,,,,,,,
20616,undefined,右,0,0,w急转小坡6宽,20601,10601,20601,20608,30,20603,,,,,,,,,,,,,,,,,,,
20617,undefined,右,0,0,w急转凹槽6宽,20601,10601,20601,20609,20603,,,,,,,,,,,,,,,,,,,,
20618,undefined,右,0,0,w急转拱桥6宽,20601,10601,20601,20610,20603,,,,,,,,,,,,,,,,,,,,
20619,undefined,右,0,0,弯坡6宽,20603,20607,30,20603,,,,,,,,,,,,,,,,,,,,,
20620,undefined,右,0,0,急转弯坡6宽,20603,20601,10601,20607,30,20603,,,,,,,,,,,,,,,,,,,
20621,undefined,右,0,0,w急转弯坡6宽,20601,10601,20601,20607,30,20603,,,,,,,,,,,,,,,,,,,
11801,undefined,左,1,0,教学观向左走,11801,,,,,,,,,,,,,,,,,,,,,,,,
21801,undefined,右,1,0,教学观向右走,21801,,,,,,,,,,,,,,,,,,,,,,,,
30001,undefined,左,0,0,十米三连弯,11003,21003,11003,21003,11003,21003,11003,,,,,,,,,,,,,,,,,,
30002,undefined,右,0,0,10米大坡斜飞,21004,21006,29,29,21004,21002,,,,,,,,,,,,,,,,,,,
30003,undefined,右,0,0,49关小路,21005,21099,,,,,,,,,,,,,,,,,,,,,,,
30004,undefined,右,0,0,坡路变窄,21003,21098,30,21004,,,,,,,,,,,,,,,,,,,,,
5001,undefined,右,0,0,undefined,501,,,,,,,,,,,,,,,,,,,,,,,,
5002,undefined,右,0,0,undefined,502,,,,,,,,,,,,,,,,,,,,,,,,
31401,undefined,左,0,"1,2",直路60长16宽,503,,,,,,,,,,,,,,,,,,,,,,,,
31402,undefined,左,0,"3,4",直路60长16宽,503,,,,,,,,,,,,,,,,,,,,,,,,
31403,undefined,左,0,"5,6",直路60长16宽,503,,,,,,,,,,,,,,,,,,,,,,,,
31404,undefined,左,0,"7,8",直路60长16宽,503,,,,,,,,,,,,,,,,,,,,,,,,
31405,undefined,左,0,"9,10",直路60长16宽,503,,,,,,,,,,,,,,,,,,,,,,,,
31406,undefined,左,0,"11,12",直路60长16宽,503,,,,,,,,,,,,,,,,,,,,,,,,
31407,undefined,左,0,"13,14",直路60长16宽,503,,,,,,,,,,,,,,,,,,,,,,,,
31408,undefined,左,0,"15,16",直路60长16宽,503,,,,,,,,,,,,,,,,,,,,,,,,
31409,undefined,左,0,"17,18",直路60长16宽,503,,,,,,,,,,,,,,,,,,,,,,,,
411001,undefined,左,0,undefined,直路16长10宽,11002,,,,,,,,,,,,,,,,,,,,,,,,
411002,undefined,左,0,undefined,直路30长10宽,11003,,,,,,,,,,,,,,,,,,,,,,,,
411003,undefined,左,0,undefined,直路36长10宽,11004,,,,,,,,,,,,,,,,,,,,,,,,
411004,undefined,左,0,undefined,直路40长10宽,11005,,,,,,,,,,,,,,,,,,,,,,,,
411005,undefined,左,0,undefined,大坡10宽,11003,11006,29,11004,,,,,,,,,,,,,,,,,,,,,
411006,undefined,左,0,undefined,小坡10宽,11003,11008,29,11004,,,,,,,,,,,,,,,,,,,,,
411007,undefined,左,0,undefined,拱桥10宽,11003,11009,11003,,,,,,,,,,,,,,,,,,,,,,
411008,undefined,左,0,undefined,凹槽10宽,11003,11010,11003,,,,,,,,,,,,,,,,,,,,,,
411009,undefined,左,0,undefined,拱桥凹槽10宽,11003,11009,11010,11002,11003,,,,,,,,,,,,,,,,,,,,
411010,undefined,左,0,undefined,凹槽拱桥10宽,11003,11010,11009,11002,11003,,,,,,,,,,,,,,,,,,,,
411011,undefined,左,0,undefined,急转大坡10宽,11003,11001,11001,21001,11006,29,11004,,,,,,,,,,,,,,,,,,
411012,undefined,左,0,undefined,急转小坡10宽,11003,11001,11001,21001,11008,29,11004,,,,,,,,,,,,,,,,,,
411013,undefined,左,0,undefined,急转凹槽10宽,11003,11001,11001,21001,11009,11003,,,,,,,,,,,,,,,,,,,
411014,undefined,左,0,undefined,急转拱桥10宽,11003,11001,11001,21001,11010,11003,,,,,,,,,,,,,,,,,,,
411015,undefined,左,0,undefined,w急转大坡10宽,11001,21001,11006,29,11004,,,,,,,,,,,,,,,,,,,,
411016,undefined,左,0,undefined,w急转小坡10宽,11001,21001,11008,29,11004,,,,,,,,,,,,,,,,,,,,
411017,undefined,左,0,undefined,w急转凹槽10宽,11001,21001,11009,11003,,,,,,,,,,,,,,,,,,,,,
411018,undefined,左,0,undefined,w急转拱桥10宽,11001,21001,11010,11003,,,,,,,,,,,,,,,,,,,,,
411019,undefined,左,0,undefined,弯坡10宽,11003,11007,29,11003,,,,,,,,,,,,,,,,,,,,,
411020,undefined,左,0,undefined,急转弯坡10宽,11003,11001,11001,21001,11007,29,11003,,,,,,,,,,,,,,,,,,
411021,undefined,左,0,undefined,w急转弯坡10宽,11001,21001,11007,29,11003,,,,,,,,,,,,,,,,,,,,
421001,undefined,左,0,undefined,直路16长10宽,21002,,,,,,,,,,,,,,,,,,,,,,,,
421002,undefined,右,0,undefined,直路30长10宽,21003,,,,,,,,,,,,,,,,,,,,,,,,
421003,undefined,右,0,undefined,直路36长10宽,21004,,,,,,,,,,,,,,,,,,,,,,,,
421004,undefined,右,0,undefined,直路40长10宽,21005,,,,,,,,,,,,,,,,,,,,,,,,
421005,undefined,右,0,206,大坡10宽,21003,21006,30,21004,,,,,,,,,,,,,,,,,,,,,
421006,undefined,右,0,207,小坡10宽,21003,21008,30,21004,,,,,,,,,,,,,,,,,,,,,
421007,undefined,右,0,208,拱桥10宽,21003,21009,21003,,,,,,,,,,,,,,,,,,,,,,
421008,undefined,右,0,209,凹槽10宽,21003,21010,21003,,,,,,,,,,,,,,,,,,,,,,
421009,undefined,右,0,210,拱桥凹槽10宽,21003,21009,21010,21002,21003,,,,,,,,,,,,,,,,,,,,
421010,undefined,右,0,undefined,凹槽拱桥10宽,21003,21010,21009,21002,21003,,,,,,,,,,,,,,,,,,,,
421011,undefined,右,0,undefined,急转大坡10宽,21003,21001,11001,21006,30,21004,,,,,,,,,,,,,,,,,,,
421012,undefined,右,0,undefined,急转小坡10宽,21003,21001,11001,21008,30,21004,,,,,,,,,,,,,,,,,,,
421013,undefined,右,0,undefined,急转凹槽10宽,21003,21001,11001,21009,21003,,,,,,,,,,,,,,,,,,,,
421014,undefined,右,0,undefined,急转拱桥10宽,21003,21001,11001,21010,21003,,,,,,,,,,,,,,,,,,,,
421015,undefined,右,0,undefined,w急转大坡10宽,21001,11001,21001,21006,30,21003,,,,,,,,,,,,,,,,,,,
421016,undefined,右,0,undefined,w急转小坡10宽,21001,11001,21001,21008,30,21003,,,,,,,,,,,,,,,,,,,
421017,undefined,右,0,undefined,w急转凹槽10宽,21001,11001,21001,21009,21003,,,,,,,,,,,,,,,,,,,,
421018,undefined,右,0,undefined,w急转拱桥10宽,21001,11001,21001,21010,21003,,,,,,,,,,,,,,,,,,,,
421019,undefined,右,0,undefined,弯坡10宽,21003,21007,30,21003,,,,,,,,,,,,,,,,,,,,,
421020,undefined,右,0,undefined,急转弯坡10宽,21003,21001,11001,21007,30,21003,,,,,,,,,,,,,,,,,,,
421021,undefined,右,0,undefined,w急转弯坡10宽,21001,11001,21001,21007,30,21003,,,,,,,,,,,,,,,,,,,